source_version,pattern_name,pattern_type,instance_name,participant_roles,source_locations,intent_and_evidence,status_after_change,change_description
Original code,Ports and Adapters,Architectural,Forecast Provider Boundary,"Port=ForecastProvider; Adapter=SimpleForecastProvider; Client=ems_service.advance","Part1/code/ems/domain/ports/forecast_provider.py:5-20; Part1/code/ems/infrastructure/simple_forecast_provider.py:6-18; Part1/code/ems/application/services/ems_service.py:46-50","Application services use a domain port and a concrete forecast adapter.",baseline,"Original collaboration."
Original code,Ports and Adapters,Architectural,Portfolio Persistence Boundary,"Port=PortfolioRepository; Adapter=SimplePortfolioRepository; Client=manage_portfolio.create_portfolio","Part1/code/ems/domain/ports/portfolio_repository.py:8-21; Part1/code/ems/infrastructure/simple_portfolio_repository.py:7-17; Part1/code/ems/application/services/manage_portfolio.py:9-17","Portfolio services use a domain-facing persistence port.",baseline,"Original collaboration."
Original code,Repository,Architectural,Portfolio Repository,"Repository=PortfolioRepository; ConcreteRepository=SimplePortfolioRepository; Client=manage_portfolio.create_portfolio","Part1/code/ems/domain/ports/portfolio_repository.py:8-21; Part1/code/ems/infrastructure/simple_portfolio_repository.py:7-17; Part1/code/ems/application/services/manage_portfolio.py:9-17","Persistence operations are centralized behind a repository contract.",baseline,"Original collaboration."
Original code,Dependency Injection,Architectural,FastAPI Runtime Injection,"Provider=get_runtime; Injected object=EMSRuntime; Dependents=REST handlers and websocket_endpoint","Part1/code/ems/interface/runtime.py:136-138; Part1/code/ems/interface/endpoints.py:46-113; Part1/code/ems/interface/websocket.py:7-22","FastAPI supplies the shared runtime through Depends.",baseline,"Original collaboration."
Original code,Strategy,Behavioral,Solver Selection,"Strategy interface=not separately declared; Context=deploy_plan.generate_plan; ConcreteStrategy=milp_solver.solve; ConcreteStrategy=heuristic_solver.solve","Part1/code/ems/application/services/deploy_plan.py:16-34; Part1/code/ems/application/solvers/milp_solver.py:124-135; Part1/code/ems/application/solvers/heuristic_solver.py:205-308","MILP and heuristic algorithms are selected through a compatible function-level contract.",baseline,"Original collaboration."
Original code,Observer,Behavioral,WebSocket Runtime Updates,"Subject=EMSRuntime; Observer interface=not separately declared; ConcreteObservers=WebSocket clients; Attach/Detach=websocket_endpoint; Notify=broadcast","Part1/code/ems/interface/runtime.py:11-103; Part1/code/ems/interface/websocket.py:7-22","The runtime publishes snapshots to registered WebSocket clients.",baseline,"Original collaboration."
Code after Change1,Ports and Adapters,Architectural,Forecast Provider Boundary,"Port=ForecastProvider; Adapter=SimpleForecastProvider; Client=ems_service.advance","Part2/code/ems/domain/ports/forecast_provider.py:5-20; Part2/code/ems/infrastructure/simple_forecast_provider.py:9-66; Part2/code/ems/application/services/ems_service.py:58-70","The adapter still serves the forecast port and now obtains GRID_PRICE from a tariff policy.",modified,"SimpleForecastProvider gained tariff configuration and tariff-based price generation."
Code after Change1,Ports and Adapters,Architectural,Portfolio Persistence Boundary,"Port=PortfolioRepository; Adapter=SimplePortfolioRepository; Client=manage_portfolio.create_portfolio","Part2/code/ems/domain/ports/portfolio_repository.py:8-21; Part2/code/ems/infrastructure/simple_portfolio_repository.py:7-17; Part2/code/ems/application/services/manage_portfolio.py:9-17","The portfolio persistence boundary is unchanged.",preserved,"No participants changed."
Code after Change1,Repository,Architectural,Portfolio Repository,"Repository=PortfolioRepository; ConcreteRepository=SimplePortfolioRepository; Client=manage_portfolio.create_portfolio","Part2/code/ems/domain/ports/portfolio_repository.py:8-21; Part2/code/ems/infrastructure/simple_portfolio_repository.py:7-17; Part2/code/ems/application/services/manage_portfolio.py:9-17","Repository behavior is unchanged.",preserved,"No participants changed."
Code after Change1,Dependency Injection,Architectural,FastAPI Runtime Injection,"Provider=get_runtime; Injected object=EMSRuntime; Dependents=REST handlers and websocket_endpoint","Part2/code/ems/interface/runtime.py:141-143; Part2/code/ems/interface/endpoints.py:76-156; Part2/code/ems/interface/websocket.py:7-22","The runtime remains injected and the new tariff route uses the same dependency.",extended,"Tariff configuration endpoint joined the dependent handlers."
Code after Change1,Strategy,Behavioral,Solver Selection,"Strategy interface=not separately declared; Context=deploy_plan.generate_plan; ConcreteStrategy=milp_solver.solve; ConcreteStrategy=heuristic_solver.solve","Part2/code/ems/application/services/deploy_plan.py:16-34; Part2/code/ems/application/solvers/milp_solver.py:124-135; Part2/code/ems/application/solvers/heuristic_solver.py:205-308","Solver selection remains unchanged.",preserved,"No participants changed."
Code after Change1,Observer,Behavioral,WebSocket Runtime Updates,"Subject=EMSRuntime; Observer interface=not separately declared; ConcreteObservers=WebSocket clients; Attach/Detach=websocket_endpoint; Notify=broadcast","Part2/code/ems/interface/runtime.py:11-108; Part2/code/ems/interface/websocket.py:7-22","The runtime continues to publish snapshots.",preserved,"No pattern participant changed for Change1."
Code after Change1,Strategy,Behavioral,Dynamic Tariff Selection,"Strategy=TariffStrategy; ConcreteStrategies=FlatTariff, TimeOfUseTariff, DynamicTariff; Context=SimpleForecastProvider; Client=configure_tariff","Part2/code/ems/domain/tariff/tariff_strategy.py:4-9; Part2/code/ems/domain/tariff/flat_tariff.py:4-11; Part2/code/ems/domain/tariff/time_of_use_tariff.py:4-27; Part2/code/ems/domain/tariff/dynamic_tariff.py:4-15; Part2/code/ems/infrastructure/simple_forecast_provider.py:9-66; Part2/code/ems/application/services/manage_energy.py:14-28","Interchangeable tariff objects calculate GRID_PRICE without changing the solvers.",newly_introduced,"Change1 introduced a tariff strategy family and provider configuration."
Code after Change2,Ports and Adapters,Architectural,Forecast Provider Boundary,"Ports=ForecastProvider and EnergyConfiguration; Adapter=SimpleForecastProvider; Client=EMS services","Part2/code/ems/domain/ports/forecast_provider.py:5-20; Part2/code/ems/domain/ports/energy_configuration.py:7-24; Part2/code/ems/infrastructure/simple_forecast_provider.py:9-66","The forecast adapter now implements an additional configuration port for tariffs and renewable sources.",modified,"EnergyConfiguration and source-management operations were added."
Code after Change2,Ports and Adapters,Architectural,Portfolio Persistence Boundary,"Port=PortfolioRepository; Adapter=SimplePortfolioRepository; Client=manage_portfolio.create_portfolio","Part2/code/ems/domain/ports/portfolio_repository.py:8-21; Part2/code/ems/infrastructure/simple_portfolio_repository.py:7-17; Part2/code/ems/application/services/manage_portfolio.py:9-17","The portfolio persistence boundary is unchanged.",preserved,"No participants changed."
Code after Change2,Repository,Architectural,Portfolio Repository,"Repository=PortfolioRepository; ConcreteRepository=SimplePortfolioRepository; Client=manage_portfolio.create_portfolio","Part2/code/ems/domain/ports/portfolio_repository.py:8-21; Part2/code/ems/infrastructure/simple_portfolio_repository.py:7-17; Part2/code/ems/application/services/manage_portfolio.py:9-17","Repository behavior is unchanged.",preserved,"No participants changed."
Code after Change2,Dependency Injection,Architectural,FastAPI Runtime Injection,"Provider=get_runtime; Injected object=EMSRuntime; Dependents=REST handlers and websocket_endpoint","Part2/code/ems/interface/runtime.py:141-143; Part2/code/ems/interface/endpoints.py:76-177; Part2/code/ems/interface/websocket.py:7-22","New energy-source routes use the existing injected runtime.",extended,"Energy-source add/list/remove handlers joined the dependent handlers."
Code after Change2,Strategy,Behavioral,Solver Selection,"Strategy interface=not separately declared; Context=deploy_plan.generate_plan; ConcreteStrategy=milp_solver.solve; ConcreteStrategy=heuristic_solver.solve","Part2/code/ems/application/services/deploy_plan.py:16-34; Part2/code/ems/application/solvers/milp_solver.py:124-135; Part2/code/ems/application/solvers/heuristic_solver.py:205-308","Solver selection remains unchanged.",preserved,"No participants changed."
Code after Change2,Observer,Behavioral,WebSocket Runtime Updates,"Subject=EMSRuntime; Observer interface=not separately declared; ConcreteObservers=WebSocket clients; Attach/Detach=websocket_endpoint; Notify=broadcast","Part2/code/ems/interface/runtime.py:11-108; Part2/code/ems/interface/websocket.py:7-22","The runtime publishes snapshots that now include renewable-source summaries.",extended,"Snapshot content gained renewable-source details."
Code after Change2,Strategy,Behavioral,Dynamic Tariff Selection,"Strategy=TariffStrategy; ConcreteStrategies=FlatTariff, TimeOfUseTariff, DynamicTariff; Context=SimpleForecastProvider; Client=configure_tariff","Part2/code/ems/domain/tariff/tariff_strategy.py:4-9; Part2/code/ems/domain/tariff/flat_tariff.py:4-11; Part2/code/ems/domain/tariff/time_of_use_tariff.py:4-27; Part2/code/ems/domain/tariff/dynamic_tariff.py:4-15; Part2/code/ems/infrastructure/simple_forecast_provider.py:9-66","Tariff policies continue to calculate GRID_PRICE.",preserved,"No tariff participants changed in Change2."
Code after Change2,Strategy,Behavioral,Renewable Production,"Strategy=RenewableSource; ConcreteStrategies=SolarSource and WindSource; Context=SimpleForecastProvider","Part2/code/ems/domain/energy_sources/source.py:4-15; Part2/code/ems/domain/energy_sources/solar.py:6-13; Part2/code/ems/domain/energy_sources/wind.py:4-16; Part2/code/ems/infrastructure/simple_forecast_provider.py:9-66","Source-specific algorithms produce values that the provider aggregates into REN_PROD.",newly_introduced,"Change2 introduced explicit solar and wind strategies."
Code after Change2,Factory,Creational,Renewable Source Creation,"Creator=EnergySourceFactory; Products=RenewableSource implementations; ConcreteProducts=SolarSource and WindSource; Client=add_energy_source","Part2/code/ems/domain/energy_sources/factory.py:6-20; Part2/code/ems/domain/energy_sources/source.py:4-15; Part2/code/ems/domain/energy_sources/solar.py:6-13; Part2/code/ems/domain/energy_sources/wind.py:4-16; Part2/code/ems/application/services/manage_energy.py:31-37","The factory maps configuration kinds to concrete renewable-source objects.",newly_introduced,"Change2 centralized source construction."
Code after Change3,Ports and Adapters,Architectural,Forecast Provider Boundary,"Ports=ForecastProvider and EnergyConfiguration; Adapter=SimpleForecastProvider; Client=EMS services","Part2/code/ems/domain/ports/forecast_provider.py:5-20; Part2/code/ems/domain/ports/energy_configuration.py:7-24; Part2/code/ems/infrastructure/simple_forecast_provider.py:9-66","The forecast/configuration boundary is unchanged by alerting.",preserved,"No participants changed in Change3."
Code after Change3,Ports and Adapters,Architectural,Portfolio Persistence Boundary,"Port=PortfolioRepository; Adapter=SimplePortfolioRepository; Client=manage_portfolio.create_portfolio","Part2/code/ems/domain/ports/portfolio_repository.py:8-21; Part2/code/ems/infrastructure/simple_portfolio_repository.py:7-17; Part2/code/ems/application/services/manage_portfolio.py:9-17","The portfolio persistence boundary is unchanged.",preserved,"No participants changed."
Code after Change3,Repository,Architectural,Portfolio Repository,"Repository=PortfolioRepository; ConcreteRepository=SimplePortfolioRepository; Client=manage_portfolio.create_portfolio","Part2/code/ems/domain/ports/portfolio_repository.py:8-21; Part2/code/ems/infrastructure/simple_portfolio_repository.py:7-17; Part2/code/ems/application/services/manage_portfolio.py:9-17","Repository behavior is unchanged.",preserved,"No participants changed."
Code after Change3,Dependency Injection,Architectural,FastAPI Runtime Injection,"Provider=get_runtime; Injected object=EMSRuntime; Dependents=REST handlers and websocket_endpoint","Part2/code/ems/interface/runtime.py:141-143; Part2/code/ems/interface/endpoints.py:76-190; Part2/code/ems/interface/websocket.py:7-22","Alert routes use the same injected runtime.",extended,"Threshold and alert-list handlers joined the dependent handlers."
Code after Change3,Strategy,Behavioral,Solver Selection,"Strategy interface=not separately declared; Context=deploy_plan.generate_plan; ConcreteStrategy=milp_solver.solve; ConcreteStrategy=heuristic_solver.solve","Part2/code/ems/application/services/deploy_plan.py:16-34; Part2/code/ems/application/solvers/milp_solver.py:124-135; Part2/code/ems/application/solvers/heuristic_solver.py:205-308","Solver selection remains unchanged.",preserved,"No participants changed."
Code after Change3,Observer,Behavioral,WebSocket Runtime Updates,"Subject=EMSRuntime; Observer interface=not separately declared; ConcreteObservers=WebSocket clients; Attach/Detach=websocket_endpoint; Notify=broadcast","Part2/code/ems/interface/runtime.py:11-108; Part2/code/ems/interface/websocket.py:7-22","The runtime now publishes snapshots that include alert records.",extended,"Snapshot content gained alerts; the existing subscriber mechanism remains."
Code after Change3,Strategy,Behavioral,Dynamic Tariff Selection,"Strategy=TariffStrategy; ConcreteStrategies=FlatTariff, TimeOfUseTariff, DynamicTariff; Context=SimpleForecastProvider; Client=configure_tariff","Part2/code/ems/domain/tariff/tariff_strategy.py:4-9; Part2/code/ems/domain/tariff/flat_tariff.py:4-11; Part2/code/ems/domain/tariff/time_of_use_tariff.py:4-27; Part2/code/ems/domain/tariff/dynamic_tariff.py:4-15; Part2/code/ems/infrastructure/simple_forecast_provider.py:9-66","Tariff policies continue to calculate GRID_PRICE.",preserved,"No participants changed in Change3."
Code after Change3,Strategy,Behavioral,Renewable Production,"Strategy=RenewableSource; ConcreteStrategies=SolarSource and WindSource; Context=SimpleForecastProvider","Part2/code/ems/domain/energy_sources/source.py:4-15; Part2/code/ems/domain/energy_sources/solar.py:6-13; Part2/code/ems/domain/energy_sources/wind.py:4-16; Part2/code/ems/infrastructure/simple_forecast_provider.py:9-66","Renewable strategies continue to supply aggregated production.",preserved,"No participants changed in Change3."
Code after Change3,Factory,Creational,Renewable Source Creation,"Creator=EnergySourceFactory; Products=RenewableSource implementations; ConcreteProducts=SolarSource and WindSource; Client=add_energy_source","Part2/code/ems/domain/energy_sources/factory.py:6-20; Part2/code/ems/domain/energy_sources/source.py:4-15; Part2/code/ems/domain/energy_sources/solar.py:6-13; Part2/code/ems/domain/energy_sources/wind.py:4-16; Part2/code/ems/application/services/manage_energy.py:31-37","Factory-based renewable-source construction remains unchanged.",preserved,"No participants changed in Change3."
Code after Change3,Observer,Behavioral,Consumption Threshold Alerts,"Subject=ConsumptionSubject; Observer=ConsumptionObserver; ConcreteObserver=ConsumptionAlertObserver; Event=ConsumptionEvent; Publisher=ems_service.advance","Part2/code/ems/domain/alerts/alert_subject.py:4-17; Part2/code/ems/domain/alerts/observer.py:6-14; Part2/code/ems/domain/alerts/consumption_alert.py:14-34; Part2/code/ems/application/services/ems_service.py:38-70","The service publishes completed per-load consumption events; the subject notifies observers and the concrete observer records values above its threshold.",newly_introduced,"Change3 introduced the event, observer contract, subject, concrete alert observer, and publication point."
