pattern_problem,language,run_number,test_case_count,elapsed_ms,environment,notes
dynamic_tariff,Python,1,17,21.370,Windows; CPython 3.12.14,Process startup and complete runner included; warmup excluded
dynamic_tariff,Python,2,17,19.697,Windows; CPython 3.12.14,Process startup and complete runner included; warmup excluded
dynamic_tariff,Python,3,17,20.552,Windows; CPython 3.12.14,Process startup and complete runner included; warmup excluded
dynamic_tariff,Python,4,17,20.228,Windows; CPython 3.12.14,Process startup and complete runner included; warmup excluded
dynamic_tariff,Python,5,17,21.104,Windows; CPython 3.12.14,Process startup and complete runner included; warmup excluded
dynamic_tariff,JavaScript,1,17,43.947,Windows; Node.js 24.21.0,Process startup and complete runner included; warmup excluded
dynamic_tariff,JavaScript,2,17,41.596,Windows; Node.js 24.21.0,Process startup and complete runner included; warmup excluded
dynamic_tariff,JavaScript,3,17,39.944,Windows; Node.js 24.21.0,Process startup and complete runner included; warmup excluded
dynamic_tariff,JavaScript,4,17,39.761,Windows; Node.js 24.21.0,Process startup and complete runner included; warmup excluded
dynamic_tariff,JavaScript,5,17,44.292,Windows; Node.js 24.21.0,Process startup and complete runner included; warmup excluded
consumption_alert,Python,1,10,44.132,Windows; CPython 3.12.14,Process startup and complete runner included; warmup excluded
consumption_alert,Python,2,10,46.052,Windows; CPython 3.12.14,Process startup and complete runner included; warmup excluded
consumption_alert,Python,3,10,45.020,Windows; CPython 3.12.14,Process startup and complete runner included; warmup excluded
consumption_alert,Python,4,10,45.165,Windows; CPython 3.12.14,Process startup and complete runner included; warmup excluded
consumption_alert,Python,5,10,45.273,Windows; CPython 3.12.14,Process startup and complete runner included; warmup excluded
consumption_alert,JavaScript,1,10,43.843,Windows; Node.js 24.21.0,Process startup and complete runner included; warmup excluded
consumption_alert,JavaScript,2,10,42.998,Windows; Node.js 24.21.0,Process startup and complete runner included; warmup excluded
consumption_alert,JavaScript,3,10,42.421,Windows; Node.js 24.21.0,Process startup and complete runner included; warmup excluded
consumption_alert,JavaScript,4,10,42.924,Windows; Node.js 24.21.0,Process startup and complete runner included; warmup excluded
consumption_alert,JavaScript,5,10,42.287,Windows; Node.js 24.21.0,Process startup and complete runner included; warmup excluded
